{
  "train_loss": [
    0.9448449656124159,
    0.7924953579624772,
    0.7759057072214869,
    0.7633662008461141,
    0.731213657728164,
    0.758911690372965,
    0.7420113957845248,
    0.7313452311606952,
    0.737664578677891,
    0.737888109433901,
    0.7328610089553264,
    0.7459993568055835,
    0.7481806314352787,
    0.792074775779164,
    0.7350966171090142,
    0.7323088633430588,
    0.7108057359437565,
    0.7321572584427876,
    0.7408545278446935,
    0.7322220077047815,
    0.738978017182339,
    0.758184784220093,
    0.7478912922885869,
    0.7680381690705573,
    0.7213819365957123,
    0.7233522184245236,
    0.6869759345665957,
    0.7482871025592297,
    0.7079877640817549,
    0.6900535450948702
  ],
  "train_acc": [
    0.5361305361305362,
    0.6130536130536131,
    0.6573426573426573,
    0.6363636363636364,
    0.6503496503496503,
    0.6386946386946387,
    0.634032634032634,
    0.6573426573426573,
    0.6526806526806527,
    0.6503496503496503,
    0.655011655011655,
    0.655011655011655,
    0.6596736596736597,
    0.6363636363636364,
    0.6573426573426573,
    0.6410256410256411,
    0.682983682983683,
    0.668997668997669,
    0.662004662004662,
    0.6480186480186481,
    0.6573426573426573,
    0.6596736596736597,
    0.668997668997669,
    0.6433566433566433,
    0.6713286713286714,
    0.6643356643356644,
    0.6596736596736597,
    0.6480186480186481,
    0.662004662004662,
    0.6713286713286714
  ],
  "val_loss": [
    0.9940376563386603,
    0.7861903532520755,
    0.6860719236371281,
    0.7205435312711276,
    0.6997973496442312,
    0.7394503559712525,
    0.7326775954647379,
    0.7407703366908398,
    0.7354413207088198,
    0.7543239822754493,
    0.7917227838393096,
    0.7584430147985836,
    0.7347113085644585,
    0.7334053450888329,
    0.8958994543159401,
    0.8179989363793488,
    0.9138261937833094,
    0.7756950205171501,
    0.7402681316975709,
    0.7723325171640941,
    0.7865515976816744,
    0.7099952809103243,
    0.7350994045590307,
    0.7832868967082475,
    0.8187288571517546,
    0.7505705107699384,
    0.8189380224589463,
    0.7742957839599023,
    0.7667715405369853,
    0.8599100741711292
  ],
  "val_acc": [
    0.4835164835164835,
    0.6373626373626373,
    0.7032967032967034,
    0.7032967032967034,
    0.7142857142857143,
    0.7252747252747253,
    0.7142857142857143,
    0.7472527472527473,
    0.7142857142857143,
    0.7472527472527473,
    0.7032967032967034,
    0.7252747252747253,
    0.7142857142857143,
    0.7032967032967034,
    0.6483516483516484,
    0.6923076923076923,
    0.6923076923076923,
    0.7362637362637363,
    0.7142857142857143,
    0.7362637362637363,
    0.7472527472527473,
    0.7142857142857143,
    0.7252747252747253,
    0.6923076923076923,
    0.7362637362637363,
    0.7252747252747253,
    0.7142857142857143,
    0.7472527472527473,
    0.7472527472527473,
    0.7032967032967034
  ]
}