{
  "train_loss": [
    0.7479893076114166,
    0.13466903797431148,
    0.03312712664214464,
    0.05516525420484009,
    0.014785093344348571,
    0.009229291702614172,
    0.007296613388258469,
    0.0044219598206930244,
    0.0026176501768190707,
    0.004358476282521813,
    0.0013647049614977274,
    0.00831607872063114,
    0.008899847523532217,
    0.00429259937769182,
    0.015328524432482636,
    0.006730952545546488,
    0.0032892241089095713,
    0.0009576607311730889,
    0.0008611408837228071,
    0.0008652873537841032,
    0.00036740660976808756,
    0.0008664061428609916,
    0.0003064658538019664,
    0.001302632877838514,
    0.0005893647716822674,
    0.0005917290223055557,
    0.0002707714393521165,
    0.00016078774396910566,
    0.04862880161801348,
    0.03343393151505333
  ],
  "train_acc": [
    0.745920745920746,
    0.9836829836829837,
    0.9953379953379954,
    0.986013986013986,
    0.9953379953379954,
    1.0,
    1.0,
    1.0,
    1.0,
    1.0,
    1.0,
    0.9976689976689976,
    0.9976689976689976,
    1.0,
    0.993006993006993,
    1.0,
    1.0,
    1.0,
    1.0,
    1.0,
    1.0,
    1.0,
    1.0,
    1.0,
    1.0,
    1.0,
    1.0,
    1.0,
    0.9790209790209791,
    0.986013986013986
  ],
  "val_loss": [
    0.17187955877283118,
    0.011472777238340823,
    0.003215931401367985,
    0.0028432246763259172,
    0.0011045567075348367,
    0.0004607522031829621,
    0.0004297150655554935,
    0.00032179323106602467,
    0.00011900570759710288,
    0.00017528924625686749,
    8.748584388320943e-05,
    6.461998807456009e-05,
    0.00064313206978393,
    0.0001539591817613205,
    0.0005281663966393303,
    4.728982945120411e-05,
    2.3616683575300567e-05,
    2.422552565404148e-05,
    3.329415448116469e-05,
    1.3881366170368222e-05,
    1.3453185649448463e-05,
    9.755224982155187e-06,
    8.362858705100774e-06,
    1.2794148258283283e-05,
    1.34754151285411e-05,
    7.088240842357074e-06,
    5.871180968035213e-06,
    7.780360579840068e-06,
    6.906269642898293e-05,
    4.9890781703332644e-05
  ],
  "val_acc": [
    1.0,
    1.0,
    1.0,
    1.0,
    1.0,
    1.0,
    1.0,
    1.0,
    1.0,
    1.0,
    1.0,
    1.0,
    1.0,
    1.0,
    1.0,
    1.0,
    1.0,
    1.0,
    1.0,
    1.0,
    1.0,
    1.0,
    1.0,
    1.0,
    1.0,
    1.0,
    1.0,
    1.0,
    1.0,
    1.0
  ]
}