{
  "session_start_epoch": 1784235241.537297,
  "label": "test7",
  "watch_audio_sr": 48000,
  "surface_mic_sr": 192000,
  "watch_audio_offset_sec": 22.12926574802259,
  "surface_mic_offset_sec": 0.28167597501305863,
  "imu_offset_sec": 22.850732355029322,
  "fingertip_imu_offset_sec": 6.0000908219954,
  "rtbgn_watch_ms": 1746218654137,
  "rtbgn_pc_sec": 22.129536900029052,
  "rtend_watch_ms": 1746218684211,
  "rtend_pc_sec": 51.74579132004874
}