{
  "train_loss": [
    0.8044323459927575,
    0.3824163041053674,
    0.25545203529454613,
    0.1650740575991866,
    0.14085084993591954,
    0.12437289965388935,
    0.11406729147945355,
    0.0956611873056644,
    0.07191910000088123,
    0.12062778737448104,
    0.07642735744064505,
    0.042771692148959026,
    0.08775317010639067,
    0.07427281676086062,
    0.053364129676776645,
    0.03003608684532023,
    0.027610009966531034,
    0.022014714153738593,
    0.022683592090214384,
    0.012966463999282177,
    0.08483628473149087,
    0.07528253633090423,
    0.08046395955759258,
    0.04879484639425994,
    0.03632313179287469,
    0.03419556565317358,
    0.040770134229241764,
    0.01606011050313685,
    0.04586051028344774,
    0.014940088970580145
  ],
  "train_acc": [
    0.6876456876456877,
    0.8484848484848485,
    0.9067599067599068,
    0.9533799533799534,
    0.9603729603729604,
    0.9533799533799534,
    0.965034965034965,
    0.9673659673659674,
    0.9743589743589743,
    0.958041958041958,
    0.972027972027972,
    0.9906759906759907,
    0.965034965034965,
    0.9627039627039627,
    0.9743589743589743,
    0.9906759906759907,
    0.9953379953379954,
    0.9976689976689976,
    0.993006993006993,
    0.9953379953379954,
    0.9603729603729604,
    0.9813519813519813,
    0.972027972027972,
    0.9813519813519813,
    0.986013986013986,
    0.9906759906759907,
    0.9836829836829837,
    0.993006993006993,
    0.9883449883449883,
    0.9953379953379954
  ],
  "val_loss": [
    0.45006635031857334,
    0.1706132403278089,
    0.20101322702408492,
    0.13103753950313798,
    0.1158201342376952,
    0.18735412233969667,
    0.15345451166241808,
    0.15447166901347892,
    0.11826300650072581,
    0.13136558132988124,
    0.10291759396588512,
    0.13833639459623084,
    0.09957143479168935,
    0.10767725213906318,
    0.1457033193794784,
    0.1532879270882484,
    0.15169014631002217,
    0.1430481157124802,
    0.20713047867881398,
    0.2170220834873412,
    0.15539167406065074,
    0.13277652916766094,
    0.11391019339194768,
    0.1191773497412214,
    0.12251451005851358,
    0.1116600504494427,
    0.1316557920408041,
    0.13636685393689382,
    0.12629253952296735,
    0.14378700487645552
  ],
  "val_acc": [
    0.8901098901098901,
    0.9340659340659341,
    0.9120879120879121,
    0.9560439560439561,
    0.9560439560439561,
    0.945054945054945,
    0.945054945054945,
    0.967032967032967,
    0.978021978021978,
    0.967032967032967,
    0.9560439560439561,
    0.978021978021978,
    0.967032967032967,
    0.978021978021978,
    0.967032967032967,
    0.978021978021978,
    0.967032967032967,
    0.9560439560439561,
    0.967032967032967,
    0.967032967032967,
    0.978021978021978,
    0.967032967032967,
    0.967032967032967,
    0.978021978021978,
    0.978021978021978,
    0.978021978021978,
    0.967032967032967,
    0.978021978021978,
    0.989010989010989,
    0.978021978021978
  ]
}