session,label,trial_idx,start_sec,end_sec,duration_sec,margin_sec
session_20260715_211555_test,test,1,28.895406,34.022213,5.126807,0.1
session_20260716_100540_test2,test2,1,29.940487,33.794828,3.854341,0.1
session_20260716_100540_test2,test2,2,36.691149,38.686507,1.995358,0.1
session_20260716_101743_test3,test3,1,16.647774,20.324908,3.677134,0.1
