{
  "session_start_epoch": 1784226320.879504,
  "label": "test5",
  "watch_audio_sr": 48000,
  "surface_mic_sr": 192000,
  "watch_audio_offset_sec": 18.168321267992724,
  "surface_mic_offset_sec": 0.2535082520043943,
  "imu_offset_sec": 18.959022486000322,
  "fingertip_imu_offset_sec": null,
  "rtbgn_watch_ms": 1746209729259,
  "rtbgn_pc_sec": 18.168512184987776,
  "rtend_watch_ms": 1746209759224,
  "rtend_pc_sec": 47.796799352014204
}