{
  "train_loss": [
    0.9418291381466917,
    0.40931379336577195,
    0.178390100042581,
    0.20472168918950853,
    0.10169290907958865,
    0.10284104387521188,
    0.08824616462200671,
    0.10546534785041303,
    0.0525574795554429,
    0.061864179127039884,
    0.06607130081295133,
    0.06796067872568791,
    0.09458172353123487,
    0.0597380328630933,
    0.06496957287578768,
    0.13109266661142274,
    0.06857915818126815,
    0.03911071047100015,
    0.03380286696517302,
    0.017465411269134194,
    0.02827223646690261,
    0.04782726674661961,
    0.012734958973370215,
    0.043361596429084444,
    0.0333106246606462,
    0.03209960308549535,
    0.009104417679594756,
    0.008149815281925805,
    0.04212907236144066,
    0.05144786338065697
  ],
  "train_acc": [
    0.6433566433566433,
    0.8904428904428905,
    0.9533799533799534,
    0.9370629370629371,
    0.972027972027972,
    0.9673659673659674,
    0.9790209790209791,
    0.958041958041958,
    0.9813519813519813,
    0.9813519813519813,
    0.9766899766899767,
    0.9836829836829837,
    0.9673659673659674,
    0.9813519813519813,
    0.9813519813519813,
    0.9557109557109557,
    0.986013986013986,
    0.986013986013986,
    0.9883449883449883,
    0.9976689976689976,
    0.9906759906759907,
    0.9790209790209791,
    0.9976689976689976,
    0.9813519813519813,
    0.9883449883449883,
    0.986013986013986,
    1.0,
    0.9976689976689976,
    0.9836829836829837,
    0.9836829836829837
  ],
  "val_loss": [
    0.580784770486119,
    0.21808032973945796,
    0.16110269145804693,
    0.11249032415766883,
    0.1152615307038394,
    0.11180055671938245,
    0.07492623852750102,
    0.08944468192531022,
    0.09294038973190594,
    0.1007394903885702,
    0.1033833417472184,
    0.07754513002314176,
    0.06250246418846303,
    0.04543569616338233,
    0.09328109370307884,
    0.10531187217182397,
    0.07223631953180941,
    0.048540022357693675,
    0.038328598836584946,
    0.030017916298135418,
    0.04959264028634157,
    0.0658908243692297,
    0.06539436104127652,
    0.056321264131398936,
    0.050167872781260454,
    0.028080631957746537,
    0.07575622312144363,
    0.0741049959602096,
    0.07585118471766382,
    0.06952574135389014
  ],
  "val_acc": [
    0.9340659340659341,
    0.8901098901098901,
    0.9340659340659341,
    0.978021978021978,
    0.967032967032967,
    0.9560439560439561,
    0.978021978021978,
    0.978021978021978,
    0.978021978021978,
    0.967032967032967,
    0.978021978021978,
    0.967032967032967,
    0.967032967032967,
    0.967032967032967,
    0.967032967032967,
    0.9560439560439561,
    0.967032967032967,
    0.978021978021978,
    0.989010989010989,
    0.978021978021978,
    0.967032967032967,
    0.978021978021978,
    0.978021978021978,
    0.978021978021978,
    0.978021978021978,
    0.978021978021978,
    0.978021978021978,
    0.967032967032967,
    0.967032967032967,
    0.978021978021978
  ]
}