{
  "train_loss": [
    0.6556350375527824,
    0.09670240385132237,
    0.04718813434946579,
    0.019711940980240667,
    0.014251443892847616,
    0.03215682531581076,
    0.00969490889266637,
    0.018840190218159133,
    0.014456298910537279,
    0.05865622164371113,
    0.0038877215384590354,
    0.004750698204054595,
    0.004925684795806093,
    0.0017099768561875503,
    0.004977082038041267,
    0.0019863072817625223,
    0.0010634946394340642,
    0.0006437173458131026,
    0.00034651556598388377,
    0.0017070235008104391,
    0.007221370471585046,
    0.014637496424494268,
    0.017291324621279202,
    0.012387091004181684,
    0.0010696863497278788,
    0.0013446175590533212,
    0.0009719374725846942,
    0.000578994072594259,
    0.0006403846405350873,
    0.0005090245722385589
  ],
  "train_acc": [
    0.7972027972027972,
    0.9766899766899767,
    0.9836829836829837,
    0.9953379953379954,
    0.9953379953379954,
    0.9906759906759907,
    1.0,
    0.9953379953379954,
    0.9953379953379954,
    0.9813519813519813,
    1.0,
    1.0,
    1.0,
    1.0,
    0.9976689976689976,
    1.0,
    1.0,
    1.0,
    1.0,
    1.0,
    0.9976689976689976,
    0.993006993006993,
    0.993006993006993,
    0.9953379953379954,
    1.0,
    1.0,
    1.0,
    1.0,
    1.0,
    1.0
  ],
  "val_loss": [
    0.1262831653335265,
    0.010235607629171112,
    0.009682465042755172,
    0.004697636089026723,
    0.0005845448928424617,
    0.0013199184884017865,
    0.0005455460725767937,
    0.0037344861011261343,
    0.00023842550349449944,
    0.0011249322765302119,
    0.0003012923839128484,
    0.00022654977878478898,
    0.00022970341124564184,
    9.000568800499652e-05,
    8.406087499179693e-05,
    0.00010474396433462491,
    8.514107676191898e-05,
    3.449778458681456e-05,
    2.656907487947207e-05,
    0.00012184987111310705,
    3.77804454856332e-05,
    3.092705424273595e-05,
    0.0006535571753104975,
    0.00021758333445337323,
    0.00014898379807134037,
    8.592525198384845e-05,
    5.389107007051659e-05,
    4.1880247858448906e-05,
    7.086056425728052e-05,
    7.830816307582458e-05
  ],
  "val_acc": [
    0.967032967032967,
    1.0,
    1.0,
    1.0,
    1.0,
    1.0,
    1.0,
    1.0,
    1.0,
    1.0,
    1.0,
    1.0,
    1.0,
    1.0,
    1.0,
    1.0,
    1.0,
    1.0,
    1.0,
    1.0,
    1.0,
    1.0,
    1.0,
    1.0,
    1.0,
    1.0,
    1.0,
    1.0,
    1.0,
    1.0
  ]
}