{
  "session_start_epoch": 1784741394.327491,
  "label": "",
  "watch_audio_sr": 48000,
  "surface_mic_sr": 192000,
  "watch_audio_offset_sec": 26.46663247596007,
  "surface_mic_offset_sec": 0.3112749570282176,
  "imu_offset_sec": 26.47074803803116,
  "fingertip_imu_offset_sec": 6.306049367995001,
  "rtbgn_watch_ms": 1784741428997,
  "rtbgn_pc_sec": 28.95745204493869,
  "rtend_watch_ms": 1784741458959,
  "rtend_pc_sec": 58.917401822982356
}