{
  "scale_factor": 1.0694491938134605,
  "mediapipe_reported_mm": 70.12955868671395,
  "measured_mm": 75.0,
  "wrist_landmark": 0,
  "middle_mcp_landmark": 9,
  "timestamp": "2026-07-22T10:55:54.147581",
  "mic_center_px": [
    1174.0,
    707.0
  ],
  "mic_diameter_px": 96.02083107326243,
  "mic_diameter_mm": 30.0,
  "mm_per_pixel": 0.312432205227535,
  "camera_to_surface_mm": 521.0,
  "focal_length_px": 1722.2472346920115,
  "wrist_mcp_apparent_px_at_calibration": 247.92426603051987
}