{
  "scale_factor": 1.4715744625050362,
  "mediapipe_reported_mm": 54.36354193305132,
  "measured_mm": 80.0,
  "wrist_landmark": 0,
  "middle_mcp_landmark": 9,
  "timestamp": "2026-07-22T11:48:54.325919",
  "mic_center_px": [
    962.0,
    430.0
  ],
  "mic_diameter_px": 96.18731725128839,
  "mic_diameter_mm": 30.0,
  "mm_per_pixel": 0.31189143077590264,
  "camera_to_surface_mm": 280.0,
  "focal_length_px": 1092.0935461500544,
  "wrist_mcp_apparent_px_at_calibration": 312.02672747144413
}