{
  "scale_factor": 1.1360292785253483,
  "mediapipe_reported_mm": 70.42072023341338,
  "measured_mm": 80.0,
  "wrist_landmark": 0,
  "middle_mcp_landmark": 9,
  "timestamp": "2026-07-21T15:48:35.107019",
  "mic_center_px": [
    963.0,
    432.0
  ],
  "mic_diameter_px": 100.17983829094555,
  "mic_diameter_mm": 30.0,
  "mm_per_pixel": 0.2994614536397336,
  "camera_to_surface_mm": 280.0,
  "focal_length_px": 1041.7812474221298,
  "wrist_mcp_apparent_px_at_calibration": 297.6517849777514
}