{
  "session_start_epoch": 1784222263.5594518,
  "label": "test3",
  "watch_audio_sr": 48000,
  "surface_mic_sr": 192000,
  "watch_audio_offset_sec": 12.131167903979076,
  "surface_mic_offset_sec": 0.4727503509784583,
  "imu_offset_sec": 13.205410346999997,
  "fingertip_imu_offset_sec": 1.9366293809725903,
  "rtbgn_watch_ms": 1746205666125,
  "rtbgn_pc_sec": 12.132005491992459,
  "rtend_watch_ms": 1746205696091,
  "rtend_pc_sec": 42.14978310398874
}