{
  "session_start_epoch": 1784235808.9795132,
  "label": "test8",
  "watch_audio_sr": 48000,
  "surface_mic_sr": 192000,
  "watch_audio_offset_sec": 22.27316029299982,
  "surface_mic_offset_sec": 0.2459397059865296,
  "imu_offset_sec": 23.34782526298659,
  "fingertip_imu_offset_sec": 5.746468349010684,
  "rtbgn_watch_ms": 1746219222156,
  "rtbgn_pc_sec": 22.274520137987565,
  "rtend_watch_ms": 1746219252164,
  "rtend_pc_sec": 52.28678539401153
}