{
  "session_start_epoch": 1784231027.9589062,
  "label": "test6",
  "watch_audio_sr": 48000,
  "surface_mic_sr": 192000,
  "watch_audio_offset_sec": 22.581837742007338,
  "surface_mic_offset_sec": 0.29732116201194003,
  "imu_offset_sec": 23.652437577024102,
  "fingertip_imu_offset_sec": 6.698047259007581,
  "rtbgn_watch_ms": 1746214441376,
  "rtbgn_pc_sec": 22.58265810101875,
  "rtend_watch_ms": 1746214471344,
  "rtend_pc_sec": 52.60407599902828
}